id,full_name,web_name,team_name,position,now_cost,selected_by_percent,form,points_per_game,total_points,minutes,goals_scored,assists,clean_sheets,goals_conceded,yellow_cards,red_cards,saves,bonus,influence,creativity,threat,ict_index,expected_goals,expected_assists,expected_goal_involvements,expected_goals_conceded,price_m,ninety_mins,xG_per_90,xA_per_90,xGI_per_90,team_weight,norm_xGI,norm_ict,norm_form,norm_points,pots_score,golden_boot_score
115,Maxim De Cuyper,De Cuyper,Brighton,Defender,45,2.6,17.0,17.0,17,77,1,1,1,0,0,0,0,2,0.0,0.0,0.0,0.0,1.47,0.21,1.68,0.29,4.5,1.0,1.47,0.21,1.68,1.0,0.9999940476544782,0.0,0.9999994736844876,0.9999994736844876,0.7999976798370867,1.7349999999999999
12,Bukayo Saka,Saka,Arsenal,Midfielder,95,9.9,9.0,9.0,9,67,1,0,1,0,0,0,0,1,0.0,0.0,0.0,0.0,0.64,0.08,0.72,0.06,9.5,1.0,0.64,0.08,0.72,1.90441,0.42856887756620493,0.0,0.5789470637120717,0.5789470637120717,0.7818084595658076,1.32
10,Benjamin White,White,Arsenal,Defender,55,5.1,11.0,11.0,11,90,0,1,1,0,0,0,0,2,0.0,0.0,0.0,0.0,0.18,0.21,0.39,0.2,5.5,1.0,0.18,0.21,0.39,1.90441,0.23214147534836102,0.0,0.6842101662051757,0.6842101662051757,0.7410898986541197,0.09
123,Jack Hinshelwood,Hinshelwood,Brighton,Midfielder,60,0.9,16.0,16.0,16,63,2,0,1,0,0,0,0,3,0.0,0.0,0.0,0.0,1.41,0.02,1.43,0.19,6.0,1.0,1.41,0.02,1.43,1.0,0.851185409610657,0.0,0.9473679224379356,0.9473679224379356,0.7242304584608009,2.705
15,Martin Ødegaard,Ødegaard,Arsenal,Midfielder,65,9.5,11.0,11.0,11,75,1,0,1,0,0,0,0,3,0.0,0.0,0.0,0.0,0.21,0.1,0.31,0.06,6.5,1.0,0.21,0.1,0.31,1.90441,0.18452271117433824,0.0,0.6842101662051757,0.6842101662051757,0.7093499209158918,1.105
368,Dominik Szoboszlai,Szoboszlai,Liverpool,Midfielder,70,41.9,8.0,8.0,8,90,1,0,0,2,0,0,0,1,0.0,0.0,0.0,0.0,0.85,0.27,1.12,1.58,7.0,1.0,0.85,0.27,1.12,1.38277,0.6666626984363189,0.0,0.5263155124655198,0.5263155124655198,0.650142398358252,1.425
367,Cody Gakpo,Gakpo,Liverpool,Midfielder,70,3.8,12.0,12.0,12,90,1,0,0,2,0,0,0,3,0.0,0.0,0.0,0.0,0.3,0.15,0.45,1.58,7.0,1.0,0.3,0.15,0.44999999999999996,1.38277,0.2678555484788781,0.0,0.7368417174517277,0.7368417174517277,0.5881310956078749,1.15
8,Riccardo Calafiori,Calafiori,Arsenal,Defender,55,40.3,9.0,9.0,9,80,0,1,1,0,0,0,0,0,0.0,0.0,0.0,0.0,0.04,0.09,0.13,0.06,5.5,1.0,0.04,0.09,0.13,1.90441,0.07738049178278701,0.0,0.5789470637120717,0.5789470637120717,0.5477261237463781,0.02
388,Marc Guéhi,Guéhi,Man City,Defender,60,17.5,10.0,10.0,10,90,1,0,0,1,0,0,0,2,0.0,0.0,0.0,0.0,0.89,0.31,1.2,0.63,6.0,1.0,0.89,0.31,1.2,1.0,0.7142814626103415,0.0,0.6315786149586237,0.6315786149586237,0.5342088886450002,1.445
557,Christos Tzolis,Tzolis,Arsenal,Midfielder,65,25.4,6.0,6.0,6,75,0,1,1,0,0,0,0,0,0.0,0.0,0.0,0.0,0.19,0.14,0.33,0.06,6.5,1.0,0.19,0.14,0.33,1.90441,0.19642740221784394,0.0,0.42105240997241583,0.42105240997241583,0.4917627972041952,0.095
279,Semi Ajayi,Ajayi,Hull City,Defender,40,1.3,14.0,14.0,14,63,1,0,1,0,0,0,0,2,0.0,0.0,0.0,0.0,0.52,0.0,0.52,0.86,4.0,1.0,0.52,0.0,0.52,1.0,0.30952196713114805,0.0,0.8421048199448317,0.8421048199448317,0.48727985747107605,1.26
86,Keane Lewis-Potter,Lewis-Potter,Brentford,Midfielder,55,0.6,10.0,10.0,10,90,1,0,1,0,0,0,0,2,0.0,0.0,0.0,0.0,0.77,0.12,0.89,0.57,5.5,1.0,0.77,0.12,0.89,1.01779,0.5297587514360034,0.0,0.6315786149586237,0.6315786149586237,0.47798058520184933,1.385
26,Kai Havertz,Havertz,Arsenal,Forward,75,6.2,6.0,6.0,6,90,1,0,1,0,0,0,0,0,0.0,0.0,0.0,0.0,0.26,0.03,0.29,0.2,7.5,1.0,0.26,0.03,0.29000000000000004,1.90441,0.17261802013083258,0.0,0.42105240997241583,0.42105240997241583,0.4758928083350814,1.13
88,Michael Kayode,Kayode,Brentford,Defender,45,4.2,13.0,13.0,13,75,1,0,1,0,0,0,0,1,0.0,0.0,0.0,0.0,0.5,0.0,0.5,0.47,4.5,1.0,0.5,0.0,0.5,1.01779,0.2976172760876423,0.0,0.7894732686982796,0.7894732686982796,0.4676022597670244,1.25
565,Mamadou Sangaré,M.Sangaré,Brentford,Midfielder,55,4.3,14.0,14.0,14,75,0,2,1,0,0,0,0,3,0.0,0.0,0.0,0.0,0.05,0.33,0.38,0.47,5.5,1.0,0.05,0.33,0.38,1.01779,0.2261891298266082,0.0,0.8421048199448317,0.8421048199448317,0.46626320116742087,0.025
586,Nobel Mendy,Mendy,Hull City,Defender,40,1.6,15.0,15.0,15,63,1,0,1,0,0,0,0,1,0.0,0.0,0.0,0.0,0.28,0.0,0.28,0.86,4.0,1.0,0.28,0.0,0.28,1.0,0.16666567460907972,0.0,0.8947363711913836,0.8947363711913836,0.4609643531493005,1.1400000000000001
379,Alexander Isak,Isak,Liverpool,Forward,90,17.0,2.0,2.0,2,90,0,0,0,2,0,0,0,0,0.0,0.0,0.0,0.0,1.09,0.01,1.1,1.58,9.0,1.0,1.09,0.01,1.1,1.38277,0.6547580073928132,0.0,0.21052620498620792,0.21052620498620792,0.44788209966984655,0.545
316,Emersonn Correia da Silva,Emersonn,Ipswich Town,Forward,55,0.8,9.0,9.0,9,65,1,0,0,1,0,0,0,3,0.0,0.0,0.0,0.0,0.82,0.06,0.88,0.63,5.5,1.0,0.82,0.06,0.8799999999999999,1.0,0.5238064059142504,0.0,0.5789470637120717,0.5789470637120717,0.44385842074041987,1.41
335,Anton Stach,Stach,Leeds,Midfielder,60,1.2,13.0,13.0,13,90,1,0,1,0,0,0,0,3,0.0,0.0,0.0,0.0,0.1,0.05,0.15,0.66,6.0,1.0,0.1,0.05,0.15000000000000002,1.0,0.08928518282629272,0.0,0.7894732686982796,0.7894732686982796,0.38651278490342833,1.05
98,Vitaly Janelt,Janelt,Brentford,Midfielder,50,0.2,9.0,9.0,9,90,1,0,1,0,1,0,0,0,0.0,0.0,0.0,0.0,0.39,0.17,0.56,0.57,5.0,1.0,0.39,0.17,0.56,1.01779,0.33333134921815943,0.0,0.5789470637120717,0.5789470637120717,0.38390239926124187,1.195
